{"assets/cyber_security_articles/banking.md":["assets/cyber_security_articles/banking.md"],"assets/cyber_security_articles/desktop_laptop.md":["assets/cyber_security_articles/desktop_laptop.md"],"assets/cyber_security_articles/email.md":["assets/cyber_security_articles/email.md"],"assets/cyber_security_articles/home_network.md":["assets/cyber_security_articles/home_network.md"],"assets/cyber_security_articles/interacting_social_media.md":["assets/cyber_security_articles/interacting_social_media.md"],"assets/cyber_security_articles/malware_defense.md":["assets/cyber_security_articles/malware_defense.md"],"assets/cyber_security_articles/password.md":["assets/cyber_security_articles/password.md"],"assets/cyber_security_articles/portable_smart_device.md":["assets/cyber_security_articles/portable_smart_device.md"],"assets/cyber_security_articles/removable_drive.md":["assets/cyber_security_articles/removable_drive.md"],"assets/cyber_security_articles/web_browsing.md":["assets/cyber_security_articles/web_browsing.md"],"packages/cupertino_icons/assets/CupertinoIcons.ttf":["packages/cupertino_icons/assets/CupertinoIcons.ttf"],"packages/flutter_math_fork/lib/katex_fonts/fonts/KaTeX_AMS-Regular.ttf":["packages/flutter_math_fork/lib/katex_fonts/fonts/KaTeX_AMS-Regular.ttf"],"packages/flutter_math_fork/lib/katex_fonts/fonts/KaTeX_Caligraphic-Bold.ttf":["packages/flutter_math_fork/lib/katex_fonts/fonts/KaTeX_Caligraphic-Bold.ttf"],"packages/flutter_math_fork/lib/katex_fonts/fonts/KaTeX_Caligraphic-Regular.ttf":["packages/flutter_math_fork/lib/katex_fonts/fonts/KaTeX_Caligraphic-Regular.ttf"],"packages/flutter_math_fork/lib/katex_fonts/fonts/KaTeX_Fraktur-Bold.ttf":["packages/flutter_math_fork/lib/katex_fonts/fonts/KaTeX_Fraktur-Bold.ttf"],"packages/flutter_math_fork/lib/katex_fonts/fonts/KaTeX_Fraktur-Regular.ttf":["packages/flutter_math_fork/lib/katex_fonts/fonts/KaTeX_Fraktur-Regular.ttf"],"packages/flutter_math_fork/lib/katex_fonts/fonts/KaTeX_Main-Bold.ttf":["packages/flutter_math_fork/lib/katex_fonts/fonts/KaTeX_Main-Bold.ttf"],"packages/flutter_math_fork/lib/katex_fonts/fonts/KaTeX_Main-BoldItalic.ttf":["packages/flutter_math_fork/lib/katex_fonts/fonts/KaTeX_Main-BoldItalic.ttf"],"packages/flutter_math_fork/lib/katex_fonts/fonts/KaTeX_Main-Italic.ttf":["packages/flutter_math_fork/lib/katex_fonts/fonts/KaTeX_Main-Italic.ttf"],"packages/flutter_math_fork/lib/katex_fonts/fonts/KaTeX_Main-Regular.ttf":["packages/flutter_math_fork/lib/katex_fonts/fonts/KaTeX_Main-Regular.ttf"],"packages/flutter_math_fork/lib/katex_fonts/fonts/KaTeX_Math-BoldItalic.ttf":["packages/flutter_math_fork/lib/katex_fonts/fonts/KaTeX_Math-BoldItalic.ttf"],"packages/flutter_math_fork/lib/katex_fonts/fonts/KaTeX_Math-Italic.ttf":["packages/flutter_math_fork/lib/katex_fonts/fonts/KaTeX_Math-Italic.ttf"],"packages/flutter_math_fork/lib/katex_fonts/fonts/KaTeX_SansSerif-Bold.ttf":["packages/flutter_math_fork/lib/katex_fonts/fonts/KaTeX_SansSerif-Bold.ttf"],"packages/flutter_math_fork/lib/katex_fonts/fonts/KaTeX_SansSerif-Italic.ttf":["packages/flutter_math_fork/lib/katex_fonts/fonts/KaTeX_SansSerif-Italic.ttf"],"packages/flutter_math_fork/lib/katex_fonts/fonts/KaTeX_SansSerif-Regular.ttf":["packages/flutter_math_fork/lib/katex_fonts/fonts/KaTeX_SansSerif-Regular.ttf"],"packages/flutter_math_fork/lib/katex_fonts/fonts/KaTeX_Script-Regular.ttf":["packages/flutter_math_fork/lib/katex_fonts/fonts/KaTeX_Script-Regular.ttf"],"packages/flutter_math_fork/lib/katex_fonts/fonts/KaTeX_Size1-Regular.ttf":["packages/flutter_math_fork/lib/katex_fonts/fonts/KaTeX_Size1-Regular.ttf"],"packages/flutter_math_fork/lib/katex_fonts/fonts/KaTeX_Size2-Regular.ttf":["packages/flutter_math_fork/lib/katex_fonts/fonts/KaTeX_Size2-Regular.ttf"],"packages/flutter_math_fork/lib/katex_fonts/fonts/KaTeX_Size3-Regular.ttf":["packages/flutter_math_fork/lib/katex_fonts/fonts/KaTeX_Size3-Regular.ttf"],"packages/flutter_math_fork/lib/katex_fonts/fonts/KaTeX_Size4-Regular.ttf":["packages/flutter_math_fork/lib/katex_fonts/fonts/KaTeX_Size4-Regular.ttf"],"packages/flutter_math_fork/lib/katex_fonts/fonts/KaTeX_Typewriter-Regular.ttf":["packages/flutter_math_fork/lib/katex_fonts/fonts/KaTeX_Typewriter-Regular.ttf"],"packages/gpt_markdown/lib/fonts/JetBrainsMono-Regular.ttf":["packages/gpt_markdown/lib/fonts/JetBrainsMono-Regular.ttf"]}